Page,Pageviews,Unique Pageviews,Avg. Time on Page,Entrances,Bounce Rate,% Exit,Page Value
/quiz/,"8,390","7,215",00:01:03,"5,044",27.25%,25.89%,$0.00
/quiz/take-the-quiz/,"7,512","6,839",00:06:06,"1,716",85.90%,78.50%,$0.00
/books/multipliers/,"7,472","6,546",00:01:43,"6,065",51.84%,53.59%,$0.00
/,"4,340","3,815",00:01:43,"3,267",59.03%,59.01%,$0.00
/services/assessments/,985,811,00:02:36,423,50.35%,48.12%,$0.00
/who-we-are/our-team/,622,515,00:01:04,108,61.32%,33.44%,$0.00
/challenge/,611,571,00:02:51,92,55.56%,45.99%,$0.00
/reading-guide/,604,576,00:03:04,82,71.08%,55.96%,$0.00
/who-we-are/our-team/liz-wiseman/,471,436,00:02:41,248,64.92%,59.24%,$0.00
/services/keynotes/,467,396,00:02:34,79,64.20%,46.47%,$0.00
,"42,610","37,790",00:02:06,"23,915",56.27%,56.13%,$0.00
Day Index,Pageviews,,,,,,
10/1/20,591,,,,,,
10/2/20,487,,,,,,
10/3/20,118,,,,,,
10/4/20,299,,,,,,
10/5/20,581,,,,,,
10/6/20,622,,,,,,
10/7/20,615,,,,,,
10/8/20,798,,,,,,
10/9/20,368,,,,,,
10/10/20,162,,,,,,
10/11/20,203,,,,,,
10/12/20,586,,,,,,
10/13/20,606,,,,,,
10/14/20,"1,843",,,,,,
10/15/20,"1,500",,,,,,
10/16/20,"1,166",,,,,,
10/17/20,255,,,,,,
10/18/20,264,,,,,,
10/19/20,898,,,,,,
10/20/20,"1,137",,,,,,
10/21/20,879,,,,,,
10/22/20,"1,462",,,,,,
10/23/20,483,,,,,,
10/24/20,170,,,,,,
10/25/20,223,,,,,,
10/26/20,859,,,,,,
10/27/20,781,,,,,,
10/28/20,695,,,,,,
10/29/20,945,,,,,,
10/30/20,416,,,,,,
10/31/20,112,,,,,,
11/1/20,207,,,,,,
11/2/20,624,,,,,,
11/3/20,551,,,,,,
11/4/20,733,,,,,,
11/5/20,548,,,,,,
11/6/20,427,,,,,,
11/7/20,183,,,,,,
11/8/20,320,,,,,,
11/9/20,638,,,,,,
11/10/20,562,,,,,,
11/11/20,646,,,,,,
11/12/20,748,,,,,,
11/13/20,355,,,,,,
11/14/20,182,,,,,,
11/15/20,341,,,,,,
11/16/20,449,,,,,,
11/17/20,545,,,,,,
11/18/20,586,,,,,,
11/19/20,641,,,,,,
11/20/20,374,,,,,,
11/21/20,140,,,,,,
11/22/20,220,,,,,,
11/23/20,611,,,,,,
11/24/20,475,,,,,,
11/25/20,444,,,,,,
11/26/20,228,,,,,,
11/27/20,201,,,,,,
11/28/20,111,,,,,,
11/29/20,223,,,,,,
11/30/20,574,,,,,,
12/1/20,908,,,,,,
12/2/20,700,,,,,,
12/3/20,551,,,,,,
12/4/20,390,,,,,,
12/5/20,163,,,,,,
12/6/20,234,,,,,,
12/7/20,464,,,,,,
12/8/20,491,,,,,,
12/9/20,482,,,,,,
12/10/20,504,,,,,,
12/11/20,322,,,,,,
12/12/20,152,,,,,,
12/13/20,204,,,,,,
12/14/20,433,,,,,,
12/15/20,469,,,,,,
12/16/20,453,,,,,,
12/17/20,304,,,,,,
12/18/20,237,,,,,,
12/19/20,95,,,,,,
12/20/20,98,,,,,,
12/21/20,359,,,,,,
12/22/20,266,,,,,,
12/23/20,202,,,,,,
12/24/20,92,,,,,,
12/25/20,68,,,,,,
12/26/20,80,,,,,,
12/27/20,122,,,,,,
12/28/20,214,,,,,,
12/29/20,222,,,,,,
12/30/20,190,,,,,,
12/31/20,130,,,,,,
,"42,610",,,,,,
Total,,,,,,,
/quiz/,"11,648","9,398",00:00:46,"6,625",28.63%,25.17%,$0.00
/quiz/take-the-quiz/,"9,984","8,834",00:05:08,"2,092",90.06%,76.33%,$0.00
/books/multipliers/,"7,949","6,754",00:01:51,"6,174",56.61%,55.62%,$0.00
/,"3,407","2,973",00:01:10,"2,640",35.22%,53.39%,$0.00
/who-we-are/our-team/,"1,870","1,376",00:00:52,744,40.05%,31.39%,$0.00
/accidental-diminisher-quiz/,"1,841","1,700",00:02:35,"1,664",93.15%,91.15%,$0.00
/thinkers50/,"1,304","1,026",00:01:54,923,82.67%,71.55%,$0.00
/books/the-multiplier-effect/,997,853,00:01:30,564,41.13%,37.71%,$0.00
/services/workshops/,997,788,00:01:47,332,68.98%,44.23%,$0.00
/services/assessments/,955,819,00:02:09,352,63.07%,50.26%,$0.00
,"65,455","43,856",00:01:06,"27,466",57.49%,41.96%,$0.00
Day Index,Pageviews,,,,,,
7/1/19,"1,151",,,,,,
7/2/19,"1,560",,,,,,
7/3/19,590,,,,,,
7/4/19,441,,,,,,
7/5/19,293,,,,,,
7/6/19,396,,,,,,
7/7/19,252,,,,,,
7/8/19,"1,527",,,,,,
7/9/19,"1,175",,,,,,
7/10/19,"1,015",,,,,,
7/11/19,"1,093",,,,,,
7/12/19,957,,,,,,
7/13/19,708,,,,,,
7/14/19,456,,,,,,
7/15/19,581,,,,,,
7/16/19,603,,,,,,
7/17/19,525,,,,,,
7/18/19,459,,,,,,
7/19/19,400,,,,,,
7/20/19,190,,,,,,
7/21/19,213,,,,,,
7/22/19,597,,,,,,
7/23/19,"1,466",,,,,,
7/24/19,"1,404",,,,,,
7/25/19,"1,014",,,,,,
7/26/19,907,,,,,,
7/27/19,195,,,,,,
7/28/19,229,,,,,,
7/29/19,941,,,,,,
7/30/19,"1,165",,,,,,
7/31/19,683,,,,,,
8/1/19,614,,,,,,
8/2/19,493,,,,,,
8/3/19,237,,,,,,
8/4/19,264,,,,,,
8/5/19,659,,,,,,
8/6/19,693,,,,,,
8/7/19,"1,003",,,,,,
8/8/19,"1,482",,,,,,
8/9/19,514,,,,,,
8/10/19,240,,,,,,
8/11/19,330,,,,,,
8/12/19,756,,,,,,
8/13/19,"1,864",,,,,,
8/14/19,"1,481",,,,,,
8/15/19,"1,064",,,,,,
8/16/19,557,,,,,,
8/17/19,286,,,,,,
8/18/19,322,,,,,,
8/19/19,"1,109",,,,,,
8/20/19,748,,,,,,
8/21/19,722,,,,,,
8/22/19,580,,,,,,
8/23/19,535,,,,,,
8/24/19,307,,,,,,
8/25/19,375,,,,,,
8/26/19,"1,994",,,,,,
8/27/19,"1,230",,,,,,
8/28/19,813,,,,,,
8/29/19,"1,153",,,,,,
8/30/19,"1,018",,,,,,
8/31/19,179,,,,,,
9/1/19,288,,,,,,
9/2/19,335,,,,,,
9/3/19,770,,,,,,
9/4/19,737,,,,,,
9/5/19,605,,,,,,
9/6/19,604,,,,,,
9/7/19,197,,,,,,
9/8/19,352,,,,,,
9/9/19,683,,,,,,
9/10/19,797,,,,,,
9/11/19,904,,,,,,
9/12/19,646,,,,,,
9/13/19,488,,,,,,
9/14/19,495,,,,,,
9/15/19,328,,,,,,
9/16/19,757,,,,,,
9/17/19,919,,,,,,
9/18/19,937,,,,,,
9/19/19,588,,,,,,
9/20/19,740,,,,,,
9/21/19,243,,,,,,
9/22/19,330,,,,,,
9/23/19,689,,,,,,
9/24/19,971,,,,,,
9/25/19,684,,,,,,
9/26/19,893,,,,,,
9/27/19,628,,,,,,
9/28/19,533,,,,,,
9/29/19,303,,,,,,
9/30/19,"1,203",,,,,,
,"65,455",,,,,,
Total,,,,,,,
/quiz/,"11,046","8,828",00:00:50,"5,763",29.17%,24.71%,$0.00
/books/multipliers/,"10,559","8,953",00:01:50,"8,272",61.45%,58.99%,$0.00
/quiz/take-the-quiz/,"9,190","8,126",00:04:52,"1,748",86.96%,74.48%,$0.00
/,"4,467","3,843",00:01:15,"3,514",53.71%,52.72%,$0.00
/leading-remote-teams/,"2,658","2,446",00:04:49,"2,421",91.12%,90.22%,$0.00
/who-we-are/our-team/,"1,522","1,085",00:00:48,364,51.92%,29.24%,$0.00
/services/assessments/,"1,077",955,00:02:13,385,62.34%,50.23%,$0.00
/services/workshops/,849,694,00:02:04,237,59.49%,40.64%,$0.00
/books/the-multiplier-effect/,773,678,00:01:26,374,53.48%,43.98%,$0.00
/services/keynotes/,679,561,00:01:52,86,76.74%,38.88%,$0.00
,"51,567","43,010",00:01:41,"25,969",58.11%,50.36%,$0.00
Day Index,Pageviews,,,,,,
1/1/20,802,,,,,,
1/2/20,711,,,,,,
1/3/20,413,,,,,,
1/4/20,187,,,,,,
1/5/20,273,,,,,,
1/6/20,563,,,,,,
1/7/20,565,,,,,,
1/8/20,603,,,,,,
1/9/20,475,,,,,,
1/10/20,466,,,,,,
1/11/20,226,,,,,,
1/12/20,361,,,,,,
1/13/20,801,,,,,,
1/14/20,669,,,,,,
1/15/20,641,,,,,,
1/16/20,805,,,,,,
1/17/20,500,,,,,,
1/18/20,266,,,,,,
1/19/20,284,,,,,,
1/20/20,658,,,,,,
1/21/20,596,,,,,,
1/22/20,564,,,,,,
1/23/20,591,,,,,,
1/24/20,468,,,,,,
1/25/20,211,,,,,,
1/26/20,248,,,,,,
1/27/20,600,,,,,,
1/28/20,972,,,,,,
1/29/20,750,,,,,,
1/30/20,575,,,,,,
1/31/20,480,,,,,,
2/1/20,215,,,,,,
2/2/20,245,,,,,,
2/3/20,601,,,,,,
2/4/20,773,,,,,,
2/5/20,492,,,,,,
2/6/20,885,,,,,,
2/7/20,979,,,,,,
2/8/20,656,,,,,,
2/9/20,612,,,,,,
2/10/20,"1,027",,,,,,
2/11/20,915,,,,,,
2/12/20,753,,,,,,
2/13/20,732,,,,,,
2/14/20,522,,,,,,
2/15/20,280,,,,,,
2/16/20,394,,,,,,
2/17/20,584,,,,,,
2/18/20,933,,,,,,
2/19/20,931,,,,,,
2/20/20,760,,,,,,
2/21/20,529,,,,,,
2/22/20,234,,,,,,
2/23/20,308,,,,,,
2/24/20,643,,,,,,
2/25/20,644,,,,,,
2/26/20,841,,,,,,
2/27/20,652,,,,,,
2/28/20,436,,,,,,
2/29/20,296,,,,,,
3/1/20,223,,,,,,
3/2/20,646,,,,,,
3/3/20,796,,,,,,
3/4/20,"1,121",,,,,,
3/5/20,660,,,,,,
3/6/20,700,,,,,,
3/7/20,261,,,,,,
3/8/20,373,,,,,,
3/9/20,753,,,,,,
3/10/20,"1,266",,,,,,
3/11/20,754,,,,,,
3/12/20,539,,,,,,
3/13/20,439,,,,,,
3/14/20,198,,,,,,
3/15/20,317,,,,,,
3/16/20,517,,,,,,
3/17/20,423,,,,,,
3/18/20,345,,,,,,
3/19/20,371,,,,,,
3/20/20,332,,,,,,
3/21/20,204,,,,,,
3/22/20,130,,,,,,
3/23/20,325,,,,,,
3/24/20,397,,,,,,
3/25/20,443,,,,,,
3/26/20,475,,,,,,
3/27/20,271,,,,,,
3/28/20,246,,,,,,
3/29/20,158,,,,,,
3/30/20,622,,,,,,
3/31/20,"3,066",,,,,,
,"51,567",,,,,,
Total,,,,,,,
/about/our-team/,"5,287","2,217",00:00:29,"1,553",0.13%,27.97%,$0.00
/,"5,046","2,184",00:00:24,"1,976",0.60%,28.54%,$0.00
/services/,"2,727","1,024",00:00:23,105,0.00%,18.04%,$0.00
/services/?target=blank,"1,288",575,00:00:17,574,0.35%,33.00%,$0.00
/services/workshops/,"1,256",545,00:00:40,252,0.80%,27.63%,$0.00
/contact-us/,"1,228",530,00:00:40,80,0.00%,19.14%,$0.00
/multipliers-keynote/,972,452,00:00:30,435,0.23%,35.91%,$0.00
/events/all/,926,386,00:00:10,384,0.00%,15.77%,$0.00
/videos/,887,355,00:00:17,28,0.00%,15.90%,$0.00
/partners/,429,181,00:00:22,55,1.82%,24.01%,$0.00
,"23,131","9,830",00:00:27,"5,918",0.47%,25.58%,$0.00
Day Index,Pageviews,,,,,,
1/1/19,88,,,,,,
1/2/19,335,,,,,,
1/3/19,258,,,,,,
1/4/19,210,,,,,,
1/5/19,62,,,,,,
1/6/19,108,,,,,,
1/7/19,265,,,,,,
1/8/19,325,,,,,,
1/9/19,341,,,,,,
1/10/19,341,,,,,,
1/11/19,270,,,,,,
1/12/19,88,,,,,,
1/13/19,134,,,,,,
1/14/19,277,,,,,,
1/15/19,388,,,,,,
1/16/19,276,,,,,,
1/17/19,234,,,,,,
1/18/19,331,,,,,,
1/19/19,138,,,,,,
1/20/19,209,,,,,,
1/21/19,272,,,,,,
1/22/19,291,,,,,,
1/23/19,463,,,,,,
1/24/19,327,,,,,,
1/25/19,254,,,,,,
1/26/19,176,,,,,,
1/27/19,182,,,,,,
1/28/19,354,,,,,,
1/29/19,284,,,,,,
1/30/19,256,,,,,,
1/31/19,280,,,,,,
2/1/19,387,,,,,,
2/2/19,160,,,,,,
2/3/19,118,,,,,,
2/4/19,380,,,,,,
2/5/19,250,,,,,,
2/6/19,372,,,,,,
2/7/19,334,,,,,,
2/8/19,300,,,,,,
2/9/19,152,,,,,,
2/10/19,196,,,,,,
2/11/19,375,,,,,,
2/12/19,248,,,,,,
2/13/19,336,,,,,,
2/14/19,420,,,,,,
2/15/19,178,,,,,,
2/16/19,138,,,,,,
2/17/19,203,,,,,,
2/18/19,235,,,,,,
2/19/19,310,,,,,,
2/20/19,440,,,,,,
2/21/19,280,,,,,,
2/22/19,246,,,,,,
2/23/19,66,,,,,,
2/24/19,168,,,,,,
2/25/19,410,,,,,,
2/26/19,356,,,,,,
2/27/19,368,,,,,,
2/28/19,296,,,,,,
3/1/19,196,,,,,,
3/2/19,106,,,,,,
3/3/19,91,,,,,,
3/4/19,334,,,,,,
3/5/19,405,,,,,,
3/6/19,329,,,,,,
3/7/19,372,,,,,,
3/8/19,218,,,,,,
3/9/19,105,,,,,,
3/10/19,120,,,,,,
3/11/19,338,,,,,,
3/12/19,250,,,,,,
3/13/19,290,,,,,,
3/14/19,271,,,,,,
3/15/19,210,,,,,,
3/16/19,136,,,,,,
3/17/19,120,,,,,,
3/18/19,337,,,,,,
3/19/19,308,,,,,,
3/20/19,298,,,,,,
3/21/19,300,,,,,,
3/22/19,204,,,,,,
3/23/19,74,,,,,,
3/24/19,180,,,,,,
3/25/19,386,,,,,,
3/26/19,324,,,,,,
3/27/19,346,,,,,,
3/28/19,301,,,,,,
3/29/19,357,,,,,,
3/30/19,100,,,,,,
3/31/19,186,,,,,,
,"23,131",,,,,,
Total,,,,,,,
/quiz/,"9,541","7,829",00:00:50,"5,393",33.61%,28.82%,$0.00
/books/multipliers/,"7,895","6,834",00:01:54,"6,158",59.94%,58.06%,$0.00
/quiz/take-the-quiz/,"7,821","7,010",00:04:35,"1,794",86.96%,75.18%,$0.00
/leading-remote-teams/,"6,183","5,737",00:04:31,"5,540",90.97%,89.67%,$0.00
/,"4,493","3,905",00:01:24,"3,502",54.64%,51.88%,$0.00
/questions/,"1,494","1,223",00:05:22,667,2.92%,69.54%,$0.00
/who-we-are/our-team/,"1,306","1,011",00:00:54,246,58.13%,29.48%,$0.00
/services/webinars/,734,562,00:02:29,106,61.32%,39.37%,$0.00
/who-we-are/our-team/liz-wiseman/,701,623,00:02:05,325,58.77%,53.21%,$0.00
/services/assessments/,700,648,00:02:21,307,64.50%,54.71%,$0.00
,"61,743","53,559",00:02:01,"37,683",59.39%,61.03%,$0.00
Day Index,Pageviews,,,,,,
4/1/20,"1,697",,,,,,
4/2/20,"2,366",,,,,,
4/3/20,"1,259",,,,,,
4/4/20,407,,,,,,
4/5/20,510,,,,,,
4/6/20,"1,226",,,,,,
4/7/20,793,,,,,,
4/8/20,872,,,,,,
4/9/20,668,,,,,,
4/10/20,488,,,,,,
4/11/20,257,,,,,,
4/12/20,345,,,,,,
4/13/20,792,,,,,,
4/14/20,959,,,,,,
4/15/20,634,,,,,,
4/16/20,541,,,,,,
4/17/20,531,,,,,,
4/18/20,245,,,,,,
4/19/20,394,,,,,,
4/20/20,583,,,,,,
4/21/20,"1,478",,,,,,
4/22/20,"1,095",,,,,,
4/23/20,"1,045",,,,,,
4/24/20,629,,,,,,
4/25/20,265,,,,,,
4/26/20,442,,,,,,
4/27/20,626,,,,,,
4/28/20,686,,,,,,
4/29/20,922,,,,,,
4/30/20,574,,,,,,
5/1/20,525,,,,,,
5/2/20,235,,,,,,
5/3/20,298,,,,,,
5/4/20,530,,,,,,
5/5/20,642,,,,,,
5/6/20,688,,,,,,
5/7/20,529,,,,,,
5/8/20,396,,,,,,
5/9/20,173,,,,,,
5/10/20,287,,,,,,
5/11/20,575,,,,,,
5/12/20,579,,,,,,
5/13/20,611,,,,,,
5/14/20,555,,,,,,
5/15/20,394,,,,,,
5/16/20,171,,,,,,
5/17/20,333,,,,,,
5/18/20,606,,,,,,
5/19/20,734,,,,,,
5/20/20,583,,,,,,
5/21/20,860,,,,,,
5/22/20,286,,,,,,
5/23/20,156,,,,,,
5/24/20,230,,,,,,
5/25/20,222,,,,,,
5/26/20,823,,,,,,
5/27/20,528,,,,,,
5/28/20,477,,,,,,
5/29/20,452,,,,,,
5/30/20,167,,,,,,
5/31/20,292,,,,,,
6/1/20,546,,,,,,
6/2/20,504,,,,,,
6/3/20,444,,,,,,
6/4/20,531,,,,,,
6/5/20,515,,,,,,
6/6/20,139,,,,,,
6/7/20,234,,,,,,
6/8/20,557,,,,,,
6/9/20,613,,,,,,
6/10/20,542,,,,,,
6/11/20,589,,,,,,
6/12/20,388,,,,,,
6/13/20,203,,,,,,
6/14/20,252,,,,,,
6/15/20,626,,,,,,
6/16/20,"2,409",,,,,,
6/17/20,"2,800",,,,,,
6/18/20,"2,603",,,,,,
6/19/20,"1,588",,,,,,
6/20/20,327,,,,,,
6/21/20,513,,,,,,
6/22/20,622,,,,,,
6/23/20,"1,706",,,,,,
6/24/20,"1,880",,,,,,
6/25/20,876,,,,,,
6/26/20,646,,,,,,
6/27/20,246,,,,,,
6/28/20,296,,,,,,
6/29/20,701,,,,,,
6/30/20,581,,,,,,
,"61,743",,,,,,
Total,,,,,,,
/quiz/,"11,782","9,995",00:00:59,"7,381",27.23%,25.95%,$0.00
/quiz/take-the-quiz/,"11,584","10,644",00:05:06,"3,562",87.90%,77.56%,$0.00
/books/multipliers/,"7,712","6,683",00:01:55,"6,063",56.63%,54.98%,$0.00
/,"5,143","4,246",00:01:20,"3,713",49.29%,50.46%,$0.00
/who-we-are/our-team/,"1,155",851,00:00:59,194,50.25%,31.86%,$0.00
/services/assessments/,772,705,00:02:11,374,57.22%,51.94%,$0.00
/diminishing,642,484,00:01:21,43,46.51%,44.39%,$0.00
/services/keynotes/,640,524,00:02:09,97,65.96%,40.47%,$0.00
/who-we-are/our-team/liz-wiseman/,633,591,00:02:19,329,65.76%,57.35%,$0.00
/services/coaching/store/,572,268,00:03:09,227,59.03%,38.11%,$0.00
,"70,561","62,224",00:02:16,"42,298",51.21%,59.95%,$0.00
Day Index,Pageviews,,,,,,
7/1/20,669,,,,,,
7/2/20,"1,588",,,,,,
7/3/20,424,,,,,,
7/4/20,210,,,,,,
7/5/20,248,,,,,,
7/6/20,736,,,,,,
7/7/20,"1,422",,,,,,
7/8/20,"1,445",,,,,,
7/9/20,964,,,,,,
7/10/20,482,,,,,,
7/11/20,197,,,,,,
7/12/20,297,,,,,,
7/13/20,685,,,,,,
7/14/20,680,,,,,,
7/15/20,"1,484",,,,,,
7/16/20,"1,082",,,,,,
7/17/20,860,,,,,,
7/18/20,391,,,,,,
7/19/20,315,,,,,,
7/20/20,878,,,,,,
7/21/20,703,,,,,,
7/22/20,721,,,,,,
7/23/20,"1,106",,,,,,
7/24/20,796,,,,,,
7/25/20,245,,,,,,
7/26/20,415,,,,,,
7/27/20,722,,,,,,
7/28/20,"1,053",,,,,,
7/29/20,967,,,,,,
7/30/20,659,,,,,,
7/31/20,514,,,,,,
8/1/20,185,,,,,,
8/2/20,315,,,,,,
8/3/20,"1,392",,,,,,
8/4/20,"1,066",,,,,,
8/5/20,"1,087",,,,,,
8/6/20,"1,089",,,,,,
8/7/20,959,,,,,,
8/8/20,361,,,,,,
8/9/20,405,,,,,,
8/10/20,800,,,,,,
8/11/20,828,,,,,,
8/12/20,747,,,,,,
8/13/20,942,,,,,,
8/14/20,483,,,,,,
8/15/20,220,,,,,,
8/16/20,342,,,,,,
8/17/20,916,,,,,,
8/18/20,"2,069",,,,,,
8/19/20,"3,371",,,,,,
8/20/20,"1,711",,,,,,
8/21/20,997,,,,,,
8/22/20,227,,,,,,
8/23/20,284,,,,,,
8/24/20,764,,,,,,
8/25/20,"1,359",,,,,,
8/26/20,"1,542",,,,,,
8/27/20,"1,252",,,,,,
8/28/20,388,,,,,,
8/29/20,177,,,,,,
8/30/20,206,,,,,,
8/31/20,630,,,,,,
9/1/20,"1,477",,,,,,
9/2/20,"1,189",,,,,,
9/3/20,"1,107",,,,,,
9/4/20,423,,,,,,
9/5/20,138,,,,,,
9/6/20,241,,,,,,
9/7/20,386,,,,,,
9/8/20,602,,,,,,
9/9/20,666,,,,,,
9/10/20,547,,,,,,
9/11/20,607,,,,,,
9/12/20,237,,,,,,
9/13/20,290,,,,,,
9/14/20,825,,,,,,
9/15/20,973,,,,,,
9/16/20,734,,,,,,
9/17/20,658,,,,,,
9/18/20,560,,,,,,
9/19/20,319,,,,,,
9/20/20,320,,,,,,
9/21/20,806,,,,,,
9/22/20,"1,408",,,,,,
9/23/20,"1,259",,,,,,
9/24/20,"1,350",,,,,,
9/25/20,680,,,,,,
9/26/20,158,,,,,,
9/27/20,350,,,,,,
9/28/20,757,,,,,,
9/29/20,751,,,,,,
9/30/20,671,,,,,,
,"70,561",,,,,,
Total,,,,,,,
/books/multipliers/,"9,300","7,848",00:01:49,"7,216",60.38%,57.02%,$0.00
/multipliers-quiz/,"6,149","4,521",00:01:54,"2,272",81.91%,62.51%,$0.00
/quiz/take-the-quiz/,"5,033","4,392",00:04:29,"1,267",85.79%,72.06%,$0.00
/quiz/,"4,719","3,938",00:00:45,"3,249",35.58%,32.55%,$0.00
/,"4,694","4,031",00:01:34,"3,751",30.10%,60.67%,$0.00
/who-we-are/our-team/,"1,455","1,069",00:00:54,410,46.10%,29.35%,$0.00
/services/assessments/,942,838,00:01:37,347,63.98%,49.26%,$0.00
/books/the-multiplier-effect/,844,745,00:01:08,465,58.06%,47.63%,$0.00
/services/workshops/,779,639,00:01:50,222,59.91%,41.46%,$0.00
/multipliers-quiz/rescuer/?source=rescuerresultspage,719,615,00:04:07,586,66.89%,66.20%,$0.00
,"53,508","39,893",00:01:23,"27,198",57.97%,50.83%,$0.00
Day Index,Pageviews,,,,,,
10/1/19,"1,628",,,,,,
10/2/19,701,,,,,,
10/3/19,906,,,,,,
10/4/19,972,,,,,,
10/5/19,267,,,,,,
10/6/19,343,,,,,,
10/7/19,796,,,,,,
10/8/19,"1,130",,,,,,
10/9/19,"1,711",,,,,,
10/10/19,795,,,,,,
10/11/19,515,,,,,,
10/12/19,279,,,,,,
10/13/19,291,,,,,,
10/14/19,718,,,,,,
10/15/19,716,,,,,,
10/16/19,750,,,,,,
10/17/19,722,,,,,,
10/18/19,796,,,,,,
10/19/19,334,,,,,,
10/20/19,398,,,,,,
10/21/19,981,,,,,,
10/22/19,"1,681",,,,,,
10/23/19,719,,,,,,
10/24/19,811,,,,,,
10/25/19,521,,,,,,
10/26/19,297,,,,,,
10/27/19,389,,,,,,
10/28/19,578,,,,,,
10/29/19,906,,,,,,
10/30/19,756,,,,,,
10/31/19,533,,,,,,
11/1/19,428,,,,,,
11/2/19,213,,,,,,
11/3/19,221,,,,,,
11/4/19,"1,213",,,,,,
11/5/19,"1,092",,,,,,
11/6/19,654,,,,,,
11/7/19,849,,,,,,
11/8/19,541,,,,,,
11/9/19,326,,,,,,
11/10/19,378,,,,,,
11/11/19,902,,,,,,
11/12/19,"1,048",,,,,,
11/13/19,842,,,,,,
11/14/19,"1,103",,,,,,
11/15/19,649,,,,,,
11/16/19,240,,,,,,
11/17/19,340,,,,,,
11/18/19,785,,,,,,
11/19/19,791,,,,,,
11/20/19,644,,,,,,
11/21/19,560,,,,,,
11/22/19,930,,,,,,
11/23/19,250,,,,,,
11/24/19,234,,,,,,
11/25/19,454,,,,,,
11/26/19,445,,,,,,
11/27/19,497,,,,,,
11/28/19,236,,,,,,
11/29/19,235,,,,,,
11/30/19,207,,,,,,
12/1/19,254,,,,,,
12/2/19,529,,,,,,
12/3/19,635,,,,,,
12/4/19,"1,071",,,,,,
12/5/19,"1,075",,,,,,
12/6/19,467,,,,,,
12/7/19,228,,,,,,
12/8/19,267,,,,,,
12/9/19,678,,,,,,
12/10/19,"1,340",,,,,,
12/11/19,497,,,,,,
12/12/19,456,,,,,,
12/13/19,406,,,,,,
12/14/19,177,,,,,,
12/15/19,202,,,,,,
12/16/19,490,,,,,,
12/17/19,636,,,,,,
12/18/19,597,,,,,,
12/19/19,395,,,,,,
12/20/19,317,,,,,,
12/21/19,126,,,,,,
12/22/19,225,,,,,,
12/23/19,257,,,,,,
12/24/19,205,,,,,,
12/25/19,110,,,,,,
12/26/19,259,,,,,,
12/27/19,202,,,,,,
12/28/19,211,,,,,,
12/29/19,223,,,,,,
12/30/19,417,,,,,,
12/31/19,309,,,,,,
,"53,508",,,,,,
Total,,,,,,,
/quiz/,"13,382","10,364",00:00:50,"7,418",24.97%,22.40%,$0.00
/quiz/take-the-quiz/,"12,067","10,263",00:04:46,"2,647",86.32%,74.37%,$0.00
/books/multipliers/,"7,932","6,610",00:01:45,"5,885",55.28%,53.01%,$0.00
/,"3,721","2,728",00:01:10,"2,319",43.04%,40.34%,$0.00
/who-we-are/our-team/,"1,729","1,230",00:01:00,566,39.05%,26.14%,$0.00
/services/assessments/,"1,019",824,00:01:27,295,60.34%,41.12%,$0.00
/services/workshops/,993,758,00:01:34,289,60.42%,37.97%,$0.00
/books/the-multiplier-effect/,954,821,00:01:24,497,55.53%,43.82%,$0.00
/books/rookie-smarts/,831,622,00:01:25,413,72.88%,50.54%,$0.00
/services/keynotes/,819,672,00:01:41,167,73.05%,39.32%,$0.00
,"64,187","40,918",00:01:07,"22,986",48.04%,35.81%,$0.00
Day Index,Pageviews,,,,,,
4/1/19,278,,,,,,
4/2/19,260,,,,,,
4/3/19,310,,,,,,
4/4/19,376,,,,,,
4/5/19,218,,,,,,
4/6/19,168,,,,,,
4/7/19,156,,,,,,
4/8/19,352,,,,,,
4/9/19,619,,,,,,
4/10/19,"1,012",,,,,,
4/11/19,993,,,,,,
4/12/19,777,,,,,,
4/13/19,309,,,,,,
4/14/19,287,,,,,,
4/15/19,632,,,,,,
4/16/19,"1,090",,,,,,
4/17/19,942,,,,,,
4/18/19,933,,,,,,
4/19/19,816,,,,,,
4/20/19,215,,,,,,
4/21/19,230,,,,,,
4/22/19,706,,,,,,
4/23/19,"1,014",,,,,,
4/24/19,959,,,,,,
4/25/19,556,,,,,,
4/26/19,609,,,,,,
4/27/19,242,,,,,,
4/28/19,416,,,,,,
4/29/19,706,,,,,,
4/30/19,792,,,,,,
5/1/19,735,,,,,,
5/2/19,875,,,,,,
5/3/19,621,,,,,,
5/4/19,202,,,,,,
5/5/19,285,,,,,,
5/6/19,898,,,,,,
5/7/19,765,,,,,,
5/8/19,743,,,,,,
5/9/19,721,,,,,,
5/10/19,440,,,,,,
5/11/19,241,,,,,,
5/12/19,253,,,,,,
5/13/19,568,,,,,,
5/14/19,"1,374",,,,,,
5/15/19,707,,,,,,
5/16/19,728,,,,,,
5/17/19,624,,,,,,
5/18/19,169,,,,,,
5/19/19,233,,,,,,
5/20/19,643,,,,,,
5/21/19,935,,,,,,
5/22/19,920,,,,,,
5/23/19,"1,013",,,,,,
5/24/19,312,,,,,,
5/25/19,193,,,,,,
5/26/19,175,,,,,,
5/27/19,437,,,,,,
5/28/19,609,,,,,,
5/29/19,695,,,,,,
5/30/19,551,,,,,,
5/31/19,711,,,,,,
6/1/19,222,,,,,,
6/2/19,314,,,,,,
6/3/19,"1,669",,,,,,
6/4/19,"1,572",,,,,,
6/5/19,"1,994",,,,,,
6/6/19,"1,104",,,,,,
6/7/19,"2,247",,,,,,
6/8/19,180,,,,,,
6/9/19,299,,,,,,
6/10/19,849,,,,,,
6/11/19,"1,402",,,,,,
6/12/19,"2,033",,,,,,
6/13/19,667,,,,,,
6/14/19,935,,,,,,
6/15/19,928,,,,,,
6/16/19,306,,,,,,
6/17/19,695,,,,,,
6/18/19,"1,262",,,,,,
6/19/19,618,,,,,,
6/20/19,533,,,,,,
6/21/19,908,,,,,,
6/22/19,157,,,,,,
6/23/19,250,,,,,,
6/24/19,"1,501",,,,,,
6/25/19,"1,469",,,,,,
6/26/19,"1,210",,,,,,
6/27/19,"2,194",,,,,,
6/28/19,923,,,,,,
6/29/19,173,,,,,,
6/30/19,224,,,,,,
,"64,187",,,,,,
Total,,,,,,,
